url,old,new
https://nmgtechnologies.com/,,Optimized Title for https://nmgtechnologies.com/ | High Conv
https://nmgtechnologies.com/agentic-ai,,Optimized Title for https://nmgtechnologies.com/agentic-ai |
https://nmgtechnologies.com/ai-driven-enterprise-software-development,,Optimized Title for https://nmgtechnologies.com/ai-driven-en
https://nmgtechnologies.com/ai-enhanced-web-mobile-application-development,,Optimized Title for https://nmgtechnologies.com/ai-enhanced-
https://nmgtechnologies.com/ai-optimized-ecommerce-solutions,,Optimized Title for https://nmgtechnologies.com/ai-optimized
https://nmgtechnologies.com/ai-powered-business-process-transformation,,Optimized Title for https://nmgtechnologies.com/ai-powered-b
https://nmgtechnologies.com/blog,,Optimized Title for https://nmgtechnologies.com/blog | High 
https://nmgtechnologies.com/blog/advantages-of-asp-net-core,,Optimized Title for https://nmgtechnologies.com/blog/advanta
https://nmgtechnologies.com/blog/author/nishtha,,Optimized Title for https://nmgtechnologies.com/blog/author/
https://nmgtechnologies.com/blog/best-practices-offshore-software-development,,Optimized Title for https://nmgtechnologies.com/blog/best-pr
https://nmgtechnologies.com/blog/how-to-build-an-app-like-uber,,Optimized Title for https://nmgtechnologies.com/blog/how-to-
https://nmgtechnologies.com/blog/nmg-technologies-made-list-top-mobile-app-development-companies-goodfirms,,Optimized Title for https://nmgtechnologies.com/blog/nmg-tec
https://nmgtechnologies.com/blog/nmg-technologies-participated-in-softwave-2023-the-republic-of-korea-software-exhibition,,Optimized Title for https://nmgtechnologies.com/blog/nmg-tec
https://nmgtechnologies.com/blog/nmg-technologies-to-participate-in-leap-2023-tech-conference-in-riyadh-saudi-arabia,,Optimized Title for https://nmgtechnologies.com/blog/nmg-tec
https://nmgtechnologies.com/blog/nmg-technologies-to-participate-in-mobile-word-capital-barcelona-the-worlds-largest-and-most-influential-connectivity-event,,Optimized Title for https://nmgtechnologies.com/blog/nmg-tec
https://nmgtechnologies.com/blog/nmg-technologies-to-participate-in-retail-innovation-conference-and-expo-2023-in-chicago,,Optimized Title for https://nmgtechnologies.com/blog/nmg-tec
https://nmgtechnologies.com/blog/nmg-technologies-to-sponsor-and-exhibit-at-brighton-seo-2023-and-online-pr-show-2023,,Optimized Title for https://nmgtechnologies.com/blog/nmg-tec
https://nmgtechnologies.com/blog/nmg-to-participate-in-the-largest-tech-expo-in-the-middle-east-gitex-global-2022-dubai,,Optimized Title for https://nmgtechnologies.com/blog/nmg-to-
https://nmgtechnologies.com/blog/nmg-to-participate-in-the-largest-tech-expo-in-the-middle-east-gitex-global-2023-dubai,,Optimized Title for https://nmgtechnologies.com/blog/nmg-to-
https://nmgtechnologies.com/blog/sempo-hangouts-session-user-experience,,Optimized Title for https://nmgtechnologies.com/blog/sempo-h
https://nmgtechnologies.com/blog/tag/design,,Optimized Title for https://nmgtechnologies.com/blog/tag/des
https://nmgtechnologies.com/blog/tag/events,,Optimized Title for https://nmgtechnologies.com/blog/tag/eve
https://nmgtechnologies.com/blog/tag/events/page/2,,Optimized Title for https://nmgtechnologies.com/blog/tag/eve
https://nmgtechnologies.com/blog/tag/featured,,Optimized Title for https://nmgtechnologies.com/blog/tag/fea
https://nmgtechnologies.com/blog/tag/growth,,Optimized Title for https://nmgtechnologies.com/blog/tag/gro
https://nmgtechnologies.com/blog/tag/marketing,,Optimized Title for https://nmgtechnologies.com/blog/tag/mar
https://nmgtechnologies.com/blog/tag/mobile,,Optimized Title for https://nmgtechnologies.com/blog/tag/mob
https://nmgtechnologies.com/blog/tag/outsourcing,,Optimized Title for https://nmgtechnologies.com/blog/tag/out
https://nmgtechnologies.com/blog/tag/technology,,Optimized Title for https://nmgtechnologies.com/blog/tag/tec
https://nmgtechnologies.com/blog/tag/web,,Optimized Title for https://nmgtechnologies.com/blog/tag/web
https://nmgtechnologies.com/blog/top-wordpress-themes,,Optimized Title for https://nmgtechnologies.com/blog/top-wor
https://nmgtechnologies.com/blog/ui-ux-mobile-app-development,,Optimized Title for https://nmgtechnologies.com/blog/ui-ux-m
https://nmgtechnologies.com/blog/wordpress-website-perfect-solution-small-business,,Optimized Title for https://nmgtechnologies.com/blog/wordpre
https://nmgtechnologies.com/blog/working-from-home-during-the-coronavirus-lockdown,,Optimized Title for https://nmgtechnologies.com/blog/working
https://nmgtechnologies.com/clients/case-studies/,,Optimized Title for https://nmgtechnologies.com/clients/case
https://nmgtechnologies.com/company/about-us,,Optimized Title for https://nmgtechnologies.com/company/abou
https://nmgtechnologies.com/company/careers/,,Optimized Title for https://nmgtechnologies.com/company/care
https://nmgtechnologies.com/company/outsourcing/,,Optimized Title for https://nmgtechnologies.com/company/outs
https://nmgtechnologies.com/company/process/,,Optimized Title for https://nmgtechnologies.com/company/proc
https://nmgtechnologies.com/company/promise/,,Optimized Title for https://nmgtechnologies.com/company/prom
https://nmgtechnologies.com/contact-us,,Optimized Title for https://nmgtechnologies.com/contact-us |
https://nmgtechnologies.com/disclaimer,,Optimized Title for https://nmgtechnologies.com/disclaimer |
https://nmgtechnologies.com/download-appdevelopmentcost-ebook,,Optimized Title for https://nmgtechnologies.com/download-app
https://nmgtechnologies.com/download-content-editorial-calendar,,Optimized Title for https://nmgtechnologies.com/download-con
https://nmgtechnologies.com/download-developmental-checklist,,Optimized Title for https://nmgtechnologies.com/download-dev
https://nmgtechnologies.com/get-custom-pricing,,Optimized Title for https://nmgtechnologies.com/get-custom-p
https://nmgtechnologies.com/industry/fintech,,Optimized Title for https://nmgtechnologies.com/industry/fin
https://nmgtechnologies.com/industry/healthcare,,Optimized Title for https://nmgtechnologies.com/industry/hea
https://nmgtechnologies.com/industry/marketresearch,,Optimized Title for https://nmgtechnologies.com/industry/mar
https://nmgtechnologies.com/industry/staffing,,Optimized Title for https://nmgtechnologies.com/industry/sta
https://nmgtechnologies.com/industry/travel,,Optimized Title for https://nmgtechnologies.com/industry/tra
https://nmgtechnologies.com/resources/library/,,Optimized Title for https://nmgtechnologies.com/resources/li
https://nmgtechnologies.com/resources/library/hire-web-developers-guide,,Optimized Title for https://nmgtechnologies.com/resources/li
https://nmgtechnologies.com/services/crm-development,,Optimized Title for https://nmgtechnologies.com/services/crm
https://nmgtechnologies.com/services/custom-software-development/,,Optimized Title for https://nmgtechnologies.com/services/cus
https://nmgtechnologies.com/services/custom-software-development/aspnet-development/,,Optimized Title for https://nmgtechnologies.com/services/cus
https://nmgtechnologies.com/services/custom-software-development/php-development/,,Optimized Title for https://nmgtechnologies.com/services/cus
https://nmgtechnologies.com/services/custom-software-development/saas-development/,,Optimized Title for https://nmgtechnologies.com/services/cus
https://nmgtechnologies.com/services/dedicated-team-setups/,,Optimized Title for https://nmgtechnologies.com/services/ded
https://nmgtechnologies.com/services/ecommerce-development/,,Optimized Title for https://nmgtechnologies.com/services/eco
https://nmgtechnologies.com/services/erp-development,,Optimized Title for https://nmgtechnologies.com/services/erp
https://nmgtechnologies.com/services/it-consulting/,,Optimized Title for https://nmgtechnologies.com/services/it-
https://nmgtechnologies.com/services/mobile-application-development,,Optimized Title for https://nmgtechnologies.com/services/mob
https://nmgtechnologies.com/services/mobile-application-development/android-app-development,,Optimized Title for https://nmgtechnologies.com/services/mob
https://nmgtechnologies.com/services/mobile-application-development/ios-app-development/,,Optimized Title for https://nmgtechnologies.com/services/mob
https://nmgtechnologies.com/services/mobile-application-development/tablet-app-development/,,Optimized Title for https://nmgtechnologies.com/services/mob
https://nmgtechnologies.com/services/shopify,,Optimized Title for https://nmgtechnologies.com/services/sho
https://nmgtechnologies.com/services/user-interface-design/,,Optimized Title for https://nmgtechnologies.com/services/use
https://nmgtechnologies.com/services/user-interface-design/mobile-design/,,Optimized Title for https://nmgtechnologies.com/services/use
https://nmgtechnologies.com/services/web-development,,Optimized Title for https://nmgtechnologies.com/services/web
https://nmgtechnologies.com/sitemap,,Optimized Title for https://nmgtechnologies.com/sitemap | Hi
https://nmgtechnologies.com/solution/artificial-intelligence/,,Optimized Title for https://nmgtechnologies.com/solution/art
https://nmgtechnologies.com/solution/augmented-reality/,,Optimized Title for https://nmgtechnologies.com/solution/aug
https://nmgtechnologies.com/solution/blockchain,,Optimized Title for https://nmgtechnologies.com/solution/blo
https://nmgtechnologies.com/solution/cloud-apps/,,Optimized Title for https://nmgtechnologies.com/solution/clo
https://nmgtechnologies.com/solution/fintech/,,Optimized Title for https://nmgtechnologies.com/solution/fin
https://nmgtechnologies.com/solution/portals/,,Optimized Title for https://nmgtechnologies.com/solution/por
https://nmgtechnologies.com/success-stories,,Optimized Title for https://nmgtechnologies.com/success-stor
https://nmgtechnologies.com/success-stories/competiscan,,Optimized Title for https://nmgtechnologies.com/success-stor
https://nmgtechnologies.com/success-stories/compound-banc,,Optimized Title for https://nmgtechnologies.com/success-stor
https://nmgtechnologies.com/success-stories/international-insurance,,Optimized Title for https://nmgtechnologies.com/success-stor
https://nmgtechnologies.com/success-stories/wealth-concert,,Optimized Title for https://nmgtechnologies.com/success-stor
https://nmgtechnologies.com/wordpress-development,,Optimized Title for https://nmgtechnologies.com/wordpress-de
https://nmgtechnologies.com/work/ecommerce/,,Optimized Title for https://nmgtechnologies.com/work/ecommer
